Index,Monthly Sum,Sum,Percentage,Left Unpaid
1,1492.4487,10.0,1.0,1492.4487
2,1492.4487,10.0,1.0,1408.2048
3,1492.4487,10.0,1.0,1323.1182
4,1492.4487,10.0,1.0,1237.181
5,1492.4487,10.0,1.0,1150.3844
6,1492.4487,10.0,1.0,1062.72
7,1492.4487,10.0,1.0,974.1787
8,1492.4487,10.0,1.0,884.7518
9,1492.4487,10.0,1.0,794.431
10,1492.4487,10.0,1.0,703.20746
11,1492.4487,10.0,1.0,611.071
12,1492.4487,10.0,1.0,518.0136
13,1492.4487,10.0,1.0,424.02524
